Workbook

Sheet Claude Log
A1: Turn # | B1: Date | C1: User Request | D1: Action Taken | E1: Details | F1: Outcome
A2: 3 | B2: 46191 | C2: Update the graph on Cello_Media (the 'Violin Arco Density — Media by Dynamic Level' chart) after restructuring the workbook. | D2: Restyled the 3-series Line chart with labels and a clean scale. | E2: Re-pointed 3 series to M2:M50/N2:N50/O2:O50 (values) with note labels L2:L50; named them Media pp/mf/ff. Title corrected to Cello (was Violin). X-axis 'Note (chromatic scale)' (C2→C6), Y-axis 'Combined Density Metric (Media)' min 0 / major unit 20. Sequential teal palette, circle markers, legend bottom. Fixed a blue gradient fill that was hiding the lines (set white background) and over-dense gridlines. | F2: Chart on Cello_Media now shows pp/mf/ff density across notes C2→C6 with clean professional styling. (Note: prior Claude Log was deleted; recreated this sheet.)
A3: 4 | B3: 46191 | C3: Make the chart lines more contrasting in color. | D3: Replaced the low-contrast teal palette with three distinct colors. | E3: Media pp = blue (#2563EB), Media mf = amber (#F59E0B), Media ff = red (#DC2626); white-filled circle markers retained. Soft→loud progression preserved. | F3: Three lines on the Cello_Media chart are now easily distinguishable.
A4: 5 | B4: 46191 | C4: Adjust the graph again (after rebuilding the Cello_Media sheet; user added a 'Polynomial regression - Degree 3' note). | D4: Restored collapsed series and added degree-3 polynomial trendlines. | E4: After the sheet rebuild the chart's 3 series had collapsed to a single placeholder value; re-pointed them to M2:M50/N2:N50/O2:O50 with categories L2:L50 (C2→C6, 49 notes). Added one degree-3 polynomial trendline per series, dashed, colored to match (pp blue / mf amber / ff red). Removed duplicate trendlines that accumulated because Office.js trendlines.count returns null — had to enumerate .items to delete. Note: chart image export renders trendlines black, but properties confirm the set colors. | F4: Cello_Media chart shows full data plus 3 degree-3 polynomial trendlines.
A5: 6 | B5: 46191 | C5: Remove the polynomial lines and their labels. | D5: Deleted all polynomial trendlines from the chart. | E5: Removed the degree-3 polynomial trendline from each of the 3 series (Media pp/mf/ff); their legend entries cleared automatically. Left the user-typed 'Polynomial regression - Degree 3' text in A52 intact. | F5: Cello_Media chart now shows only the 3 data lines with a clean legend.
A6: 7 | B6: 2026-08-23 16:44 | C6: Paste 90-tier spectral_mass into the matching CDM cells (IOWA C→C, G→G, D→D, A→A / E; Orchidea ff→ff, mf→mf, pp→pp). | D6: Substituted Combined density metric / CDM numbers only; Media formulas left unchanged. Close and reopen this file, then open the IOWA_* and ORCH_* sheets (not Media) to see the new values. | E6: viola: wrote 440 CDM cells from compiled_density_metrics_research.xlsx. Look at column H/L/P/T on IOWA sheets (header CDM) and column F on ORCH sheets. | F6: Done. Recalculate (Ctrl+Alt+F9) if Media still shows old cached numbers.
A7: 8 | B7: 2026-08-23 16:56 | C7: Paste 90-tier spectral_mass into the matching CDM cells (IOWA C→C, G→G, D→D, A→A / E; Orchidea ff→ff, mf→mf, pp→pp). | D7: Substituted Combined density metric / CDM numbers only; Media formulas left unchanged. Close and reopen this file, then open the IOWA_* and ORCH_* sheets (not Media) to see the new values. | E7: viola: wrote 440 CDM cells from compiled_density_metrics_research.xlsx. Look at column H/L/P/T on IOWA sheets (header CDM) and column F on ORCH sheets. | F7: Done. Recalculate (Ctrl+Alt+F9) if Media still shows old cached numbers.

Sheet VIOLA_IOWA_pp
A1: Instrument | B1: Collection | C1: Technique/state | D1: Dynamic | E1: Source note | G1: Notes | H1: CDM - Media | I1: Estimate
A2: Viola | B2: IOWA | C2: harmonics | D2: pp | E2: C5 | G2: C5 | H2: 16.876076 | I2: IOWA_anchored
A3: Viola | B3: IOWA | C3: harmonics | D3: pp | E3: Db5 | G3: Db5 | H3: 15.847197 | I3: IOWA_anchored
A4: Viola | B4: IOWA | C4: harmonics | D4: pp | E4: D5 | G4: D5 | H4: 15.658505 | I4: IOWA_anchored
A5: Viola | B5: IOWA | C5: harmonics | D5: pp | E5: Eb5 | G5: Eb5 | H5: 17.079849 | I5: IOWA_anchored
A6: Viola | B6: IOWA | C6: harmonics | D6: pp | E6: E5 | G6: E5 | H6: 16.051711 | I6: IOWA_anchored
A7: Viola | B7: IOWA | C7: harmonics | D7: pp | E7: F5 | G7: F5 | H7: 16.152522 | I7: IOWA_anchored
A8: Viola | B8: IOWA | C8: harmonics | D8: pp | E8: Gb5 | G8: Gb5 | H8: 12.647031 | I8: IOWA_anchored
A9: Viola | B9: IOWA | C9: harmonics | D9: pp | E9: G5 | G9: G5 | H9: 14.204242 | I9: IOWA_anchored
A10: Viola | B10: IOWA | C10: harmonics | D10: pp | E10: Ab5 | G10: Ab5 | H10: 13.837042 | I10: IOWA_anchored
A11: Viola | B11: IOWA | C11: harmonics | D11: pp | E11: A5 | G11: A5 | H11: 14.221467 | I11: IOWA_anchored
A12: Viola | B12: IOWA | C12: harmonics | D12: pp | E12: Bb5 | G12: Bb5 | H12: 14.485141 | I12: IOWA_anchored
A13: Viola | B13: IOWA | C13: harmonics | D13: pp | E13: B5 | G13: B5 | H13: 15.465518 | I13: IOWA_anchored
... A37: Viola | B37: IOWA | C37: harmonics | D37: mf | E37: B7 | G37: B7 | H37: 2.04286 | I37: polynomial_wide

Sheet VIOLA__IOWA_mf
A1: Instrument | B1: Collection | C1: Technique/state | D1: Dynamic | E1: Source note | G1: Notes | H1: CDM - Media | I1: Estimate
A2: Viola | B2: IOWA | C2: harmonics | D2: mf | E2: C5 | G2: C5 | H2: 18.56234 | I2: IOWA_anchored
A3: Viola | B3: IOWA | C3: harmonics | D3: mf | E3: Db5 | G3: Db5 | H3: 17.172175 | I3: IOWA_anchored
A4: Viola | B4: IOWA | C4: harmonics | D4: mf | E4: D5 | G4: D5 | H4: 18.624395 | I4: IOWA_anchored
A5: Viola | B5: IOWA | C5: harmonics | D5: mf | E5: Eb5 | G5: Eb5 | H5: 16.755513 | I5: IOWA_anchored
A6: Viola | B6: IOWA | C6: harmonics | D6: mf | E6: E5 | G6: E5 | H6: 15.251033 | I6: IOWA_anchored
A7: Viola | B7: IOWA | C7: harmonics | D7: mf | E7: F5 | G7: F5 | H7: 16.561548 | I7: IOWA_anchored
A8: Viola | B8: IOWA | C8: harmonics | D8: mf | E8: Gb5 | G8: Gb5 | H8: 14.620347 | I8: IOWA_anchored
A9: Viola | B9: IOWA | C9: harmonics | D9: mf | E9: G5 | G9: G5 | H9: 14.307194 | I9: IOWA_anchored
A10: Viola | B10: IOWA | C10: harmonics | D10: mf | E10: Ab5 | G10: Ab5 | H10: 13.633224 | I10: IOWA_anchored
A11: Viola | B11: IOWA | C11: harmonics | D11: mf | E11: A5 | G11: A5 | H11: 13.324422 | I11: IOWA_anchored
A12: Viola | B12: IOWA | C12: harmonics | D12: mf | E12: Bb5 | G12: Bb5 | H12: 14.065055 | I12: IOWA_anchored
A13: Viola | B13: IOWA | C13: harmonics | D13: mf | E13: B5 | G13: B5 | H13: 14.252669 | I13: IOWA_anchored
... A37: Viola | B37: IOWA | C37: harmonics | D37: mf | E37: B7 | G37: B7 | H37: 3.035926 | I37: local_ridge_edge

Sheet VIOLA_IOWA_ff
A1: Instrument | B1: Collection | C1: Technique/state | D1: Dynamic | E1: Source note | G1: Notes | H1: CDM - Media | I1: Estimate
A2: Viola | B2: IOWA | C2: harmonics | D2: ff | E2: C5 | G2: C5 | H2: 18.07505 | I2: IOWA_anchored
A3: Viola | B3: IOWA | C3: harmonics | D3: ff | E3: Db5 | G3: Db5 | H3: 18.648788 | I3: IOWA_anchored
A4: Viola | B4: IOWA | C4: harmonics | D4: ff | E4: D5 | G4: D5 | H4: 19.831886 | I4: IOWA_anchored
A5: Viola | B5: IOWA | C5: harmonics | D5: ff | E5: Eb5 | G5: Eb5 | H5: 17.457204 | I5: IOWA_anchored
A6: Viola | B6: IOWA | C6: harmonics | D6: ff | E6: E5 | G6: E5 | H6: 14.977646 | I6: IOWA_anchored
A7: Viola | B7: IOWA | C7: harmonics | D7: ff | E7: F5 | G7: F5 | H7: 16.776641 | I7: IOWA_anchored
A8: Viola | B8: IOWA | C8: harmonics | D8: ff | E8: Gb5 | G8: Gb5 | H8: 15.4662 | I8: IOWA_anchored
A9: Viola | B9: IOWA | C9: harmonics | D9: ff | E9: G5 | G9: G5 | H9: 14.47736 | I9: IOWA_anchored
A10: Viola | B10: IOWA | C10: harmonics | D10: ff | E10: Ab5 | G10: Ab5 | H10: 16.053308 | I10: IOWA_anchored
A11: Viola | B11: IOWA | C11: harmonics | D11: ff | E11: A5 | G11: A5 | H11: 13.949324 | I11: IOWA_anchored
A12: Viola | B12: IOWA | C12: harmonics | D12: ff | E12: Bb5 | G12: Bb5 | H12: 15.178081 | I12: IOWA_anchored
A13: Viola | B13: IOWA | C13: harmonics | D13: ff | E13: B5 | G13: B5 | H13: 14.130976 | I13: IOWA_anchored
... A37: Viola | B37: IOWA | C37: harmonics | D37: mf | E37: B7 | G37: B7 | H37: 3.720616 | I37: local_ridge_wide

Sheet VIOLA__ORCH_pp
A1: Instrument | B1: Collection | C1: Technique/state | D1: Dynamic | E1: Source note | F1: Combined density metric | G1: Estimate
A2: Viola | B2: ORCH | C2: harmonics | D2: pp | E2: C5 | F2: 18.328028 | G2: ORCHIDEA_anchored
A3: Viola | B3: ORCH | C3: harmonics | D3: pp | E3: Db5 | F3: 18.445011 | G3: ORCHIDEA_anchored
A4: Viola | B4: ORCH | C4: harmonics | D4: pp | E4: D5 | F4: 19.373796 | G4: ORCHIDEA_anchored
A5: Viola | B5: ORCH | C5: harmonics | D5: pp | E5: Eb5 | F5: 20.408164 | G5: ORCHIDEA_anchored
A6: Viola | B6: ORCH | C6: harmonics | D6: pp | E6: E5 | F6: 17.352335 | G6: ORCHIDEA_anchored
A7: Viola | B7: ORCH | C7: harmonics | D7: pp | E7: F5 | F7: 15.034336 | G7: ORCHIDEA_anchored
A8: Viola | B8: ORCH | C8: harmonics | D8: pp | E8: Gb5 | F8: 11.051762 | G8: ORCHIDEA_anchored
A9: Viola | B9: ORCH | C9: harmonics | D9: pp | E9: G5 | F9: 14.044605 | G9: ORCHIDEA_anchored
A10: Viola | B10: ORCH | C10: harmonics | D10: pp | E10: Ab5 | F10: 14.68698 | G10: ORCHIDEA_anchored
A11: Viola | B11: ORCH | C11: harmonics | D11: pp | E11: A5 | F11: 13.120151 | G11: ORCHIDEA_anchored
A12: Viola | B12: ORCH | C12: harmonics | D12: pp | E12: Bb5 | F12: 16.741025 | G12: ORCHIDEA_anchored
A13: Viola | B13: ORCH | C13: harmonics | D13: pp | E13: B5 | F13: 16.043354 | G13: ORCHIDEA_anchored
... A37: Viola | B37: ORCH | C37: harmonics | D37: mf | E37: B7 | F37: 2.261709 | G37: polynomial_wide

Sheet VIOLA__ORCH_mf
A1: Instrument | B1: Collection | C1: Technique/state | D1: Dynamic | E1: Source note | F1: Combined density metric | G1: Estimate
A2: Viola | B2: ORCH | C2: harmonics | D2: mf | E2: C5 | F2: 21.461219 | G2: measured
A3: Viola | B3: ORCH | C3: harmonics | D3: mf | E3: Db5 | F3: 18.358406 | G3: measured
A4: Viola | B4: ORCH | C4: harmonics | D4: mf | E4: D5 | F4: 17.508893 | G4: measured
A5: Viola | B5: ORCH | C5: harmonics | D5: mf | E5: Eb5 | F5: 15.146205 | G5: measured
A6: Viola | B6: ORCH | C6: harmonics | D6: mf | E6: E5 | F6: 12.869643 | G6: measured
A7: Viola | B7: ORCH | C7: harmonics | D7: mf | E7: F5 | F7: 13.464082 | G7: measured
A8: Viola | B8: ORCH | C8: harmonics | D8: mf | E8: Gb5 | F8: 13.978765 | G8: measured
A9: Viola | B9: ORCH | C9: harmonics | D9: mf | E9: G5 | F9: 17.922921 | G9: measured
A10: Viola | B10: ORCH | C10: harmonics | D10: mf | E10: Ab5 | F10: 17.809235 | G10: measured
A11: Viola | B11: ORCH | C11: harmonics | D11: mf | E11: A5 | F11: 16.581895 | G11: measured
A12: Viola | B12: ORCH | C12: harmonics | D12: mf | E12: Bb5 | F12: 16.75665 | G12: measured
A13: Viola | B13: ORCH | C13: harmonics | D13: mf | E13: B5 | F13: 14.615133 | G13: measured
... A37: Viola | B37: ORCH | C37: harmonics | D37: mf | E37: B7 | F37: 4.2494944 | G37: measured

Sheet VIOLA__ORCH_ff
A1: Instrument | B1: Collection | C1: Technique/state | D1: Dynamic | E1: Source note | F1: Combined density metric | G1: Estimate
A2: Viola | B2: ORCH | C2: harmonics | D2: ff | E2: C5 | F2: 18.948741 | G2: ORCHIDEA_anchored
A3: Viola | B3: ORCH | C3: harmonics | D3: ff | E3: Db5 | F3: 17.368004 | G3: ORCHIDEA_anchored
A4: Viola | B4: ORCH | C4: harmonics | D4: ff | E4: D5 | F4: 19.741394 | G4: ORCHIDEA_anchored
A5: Viola | B5: ORCH | C5: harmonics | D5: ff | E5: Eb5 | F5: 18.997536 | G5: ORCHIDEA_anchored
A6: Viola | B6: ORCH | C6: harmonics | D6: ff | E6: E5 | F6: 17.146357 | G6: ORCHIDEA_anchored
A7: Viola | B7: ORCH | C7: harmonics | D7: ff | E7: F5 | F7: 14.249828 | G7: ORCHIDEA_anchored
A8: Viola | B8: ORCH | C8: harmonics | D8: ff | E8: Gb5 | F8: 11.249884 | G8: ORCHIDEA_anchored
A9: Viola | B9: ORCH | C9: harmonics | D9: ff | E9: G5 | F9: 13.932831 | G9: ORCHIDEA_anchored
A10: Viola | B10: ORCH | C10: harmonics | D10: ff | E10: Ab5 | F10: 14.770432 | G10: ORCHIDEA_anchored
A11: Viola | B11: ORCH | C11: harmonics | D11: ff | E11: A5 | F11: 12.924436 | G11: ORCHIDEA_anchored
A12: Viola | B12: ORCH | C12: harmonics | D12: ff | E12: Bb5 | F12: 15.506957 | G12: ORCHIDEA_anchored
A13: Viola | B13: ORCH | C13: harmonics | D13: ff | E13: B5 | F13: 15.638458 | G13: ORCHIDEA_anchored
... A37: Viola | B37: ORCH | C37: harmonics | D37: mf | E37: B7 | F37: 3.949985 | G37: polynomial_wide

Sheet VIOLA_Media
A1: Note | B1: IOWA pp | C1: ORCH pp | D1: Media pp = (IOWA pp + ORCH pp) / 2 | E1: IOWA mf | F1: ORCH mf | G1: Media mf = (IOWA mf + ORCH mf) / 2 | H1: IOWA ff | I1: ORCH ff | J1: Media ff = (IOWA ff + ORCH ff) / 2 | L1: note | M1: Media pp | N1: Media mf | O1: Media ff | P1: IOWA -mf-pp | Q1: IOWA -ff-mf | R1: IOWA -ff-pp | S1: ORCH -mf-pp | T1: ORCH -ff-mf | U1: ORCH -ff-pp | V1: FINAL_mf_minus_pp | W1: FINAL_ff_minus_mf | X1: FINAL_ff_minus_pp | Y1: pp_halfgap_IOWA_ORCH | Z1: mf_halfgap_IOWA_ORCH | AA1: ff_halfgap_IOWA_ORCH
A2: C5 | B2: =VIOLA_IOWA_pp!H2 -> 16.876076 | C2: =VIOLA__ORCH_pp!F2 -> 18.328028 | D2: =AVERAGE(B2:C2) -> 17.602052 | E2: =VIOLA__IOWA_mf!H2 -> 18.56234 | F2: =VIOLA__ORCH_mf!F2 -> 21.461219 | G2: =AVERAGE(E2:F2) -> 20.01178 | H2: =VIOLA_IOWA_ff!H2 -> 18.07505 | I2: =VIOLA__ORCH_ff!F2 -> 18.948741 | J2: =AVERAGE(H2:I2) -> 18.511896 | L2: =A2 -> C5 | M2: =D2 -> 17.602052 | N2: =G2 -> 20.01178 | O2: =J2 -> 18.511896 | P2: =E2-B2 -> 1.6862635 | Q2: =H2-E2 -> -0.48728914 | R2: =H2-B2 -> 1.1989744 | S2: =F2-C2 -> 3.133191 | T2: =I2-F2 -> -2.5124786 | U2: =I2-C2 -> 0.62071243 | V2: =N2-M2 -> 2.4097272 | W2: =O2-N2 -> -1.4998839 | X2: =O2-M2 -> 0.90984339 | Y2: =ABS(C2-B2)/2 -> 0.72597614 | Z2: =ABS(F2-E2)/2 -> 1.4494399 | AA2: =ABS(I2-H2)/2 -> 0.43684518
A3: Db5 | B3: =VIOLA_IOWA_pp!H3 -> 15.847197 | C3: =VIOLA__ORCH_pp!F3 -> 18.445011 | D3: =AVERAGE(B3:C3) -> 17.146104 | E3: =VIOLA__IOWA_mf!H3 -> 17.172175 | F3: =VIOLA__ORCH_mf!F3 -> 18.358406 | G3: =AVERAGE(E3:F3) -> 17.76529 | H3: =VIOLA_IOWA_ff!H3 -> 18.648788 | I3: =VIOLA__ORCH_ff!F3 -> 17.368004 | J3: =AVERAGE(H3:I3) -> 18.008396 | L3: =A3 -> Db5 | M3: =D3 -> 17.146104 | N3: =G3 -> 17.76529 | O3: =J3 -> 18.008396 | P3: =E3-B3 -> 1.3249777 | Q3: =H3-E3 -> 1.4766132 | R3: =H3-B3 -> 2.8015909 | S3: =F3-C3 -> -0.086605839 | T3: =I3-F3 -> -0.99040165 | U3: =I3-C3 -> -1.0770075 | V3: =N3-M3 -> 0.61918592 | W3: =O3-N3 -> 0.24310578 | X3: =O3-M3 -> 0.8622917 | Y3: =ABS(C3-B3)/2 -> 1.2989073 | Z3: =ABS(F3-E3)/2 -> 0.59311553 | AA3: =ABS(I3-H3)/2 -> 0.64039191
A4: D5 | B4: =VIOLA_IOWA_pp!H4 -> 15.658505 | C4: =VIOLA__ORCH_pp!F4 -> 19.373796 | D4: =AVERAGE(B4:C4) -> 17.516151 | E4: =VIOLA__IOWA_mf!H4 -> 18.624395 | F4: =VIOLA__ORCH_mf!F4 -> 17.508893 | G4: =AVERAGE(E4:F4) -> 18.066644 | H4: =VIOLA_IOWA_ff!H4 -> 19.831886 | I4: =VIOLA__ORCH_ff!F4 -> 19.741394 | J4: =AVERAGE(H4:I4) -> 19.78664 | L4: =A4 -> D5 | M4: =D4 -> 17.516151 | N4: =G4 -> 18.066644 | O4: =J4 -> 19.78664 | P4: =E4-B4 -> 2.96589 | Q4: =H4-E4 -> 1.2074912 | R4: =H4-B4 -> 4.1733812 | S4: =F4-C4 -> -1.864903 | T4: =I4-F4 -> 2.2325014 | U4: =I4-C4 -> 0.36759843 | V4: =N4-M4 -> 0.55049349 | W4: =O4-N4 -> 1.7199963 | X4: =O4-M4 -> 2.2704898 | Y4: =ABS(C4-B4)/2 -> 1.8576453 | Z4: =ABS(F4-E4)/2 -> 0.55775118 | AA4: =ABS(I4-H4)/2 -> 0.045246067
A5: Eb5 | B5: =VIOLA_IOWA_pp!H5 -> 17.079849 | C5: =VIOLA__ORCH_pp!F5 -> 20.408164 | D5: =AVERAGE(B5:C5) -> 18.744006 | E5: =VIOLA__IOWA_mf!H5 -> 16.755513 | F5: =VIOLA__ORCH_mf!F5 -> 15.146205 | G5: =AVERAGE(E5:F5) -> 15.950859 | H5: =VIOLA_IOWA_ff!H5 -> 17.457204 | I5: =VIOLA__ORCH_ff!F5 -> 18.997536 | J5: =AVERAGE(H5:I5) -> 18.22737 | L5: =A5 -> Eb5 | M5: =D5 -> 18.744006 | N5: =G5 -> 15.950859 | O5: =J5 -> 18.22737 | P5: =E5-B5 -> -0.32433595 | Q5: =H5-E5 -> 0.70169166 | R5: =H5-B5 -> 0.37735572 | S5: =F5-C5 -> -5.261959 | T5: =I5-F5 -> 3.8513311 | U5: =I5-C5 -> -1.410628 | V5: =N5-M5 -> -2.7931475 | W5: =O5-N5 -> 2.2765114 | X5: =O5-M5 -> -0.51663613 | Y5: =ABS(C5-B5)/2 -> 1.6641576 | Z5: =ABS(F5-E5)/2 -> 0.80465399 | AA5: =ABS(I5-H5)/2 -> 0.77016571
A6: E5 | B6: =VIOLA_IOWA_pp!H6 -> 16.051711 | C6: =VIOLA__ORCH_pp!F6 -> 17.352335 | D6: =AVERAGE(B6:C6) -> 16.702023 | E6: =VIOLA__IOWA_mf!H6 -> 15.251033 | F6: =VIOLA__ORCH_mf!F6 -> 12.869643 | G6: =AVERAGE(E6:F6) -> 14.060338 | H6: =VIOLA_IOWA_ff!H6 -> 14.977646 | I6: =VIOLA__ORCH_ff!F6 -> 17.146357 | J6: =AVERAGE(H6:I6) -> 16.062002 | L6: =A6 -> E5 | M6: =D6 -> 16.702023 | N6: =G6 -> 14.060338 | O6: =J6 -> 16.062002 | P6: =E6-B6 -> -0.80067773 | Q6: =H6-E6 -> -0.27338659 | R6: =H6-B6 -> -1.0740643 | S6: =F6-C6 -> -4.4826921 | T6: =I6-F6 -> 4.2767141 | U6: =I6-C6 -> -0.20597799 | V6: =N6-M6 -> -2.6416849 | W6: =O6-N6 -> 2.0016638 | X6: =O6-M6 -> -0.64002115 | Y6: =ABS(C6-B6)/2 -> 0.65031232 | Z6: =ABS(F6-E6)/2 -> 1.1906949 | AA6: =ABS(I6-H6)/2 -> 1.0843555
A7: F5 | B7: =VIOLA_IOWA_pp!H7 -> 16.152522 | C7: =VIOLA__ORCH_pp!F7 -> 15.034336 | D7: =AVERAGE(B7:C7) -> 15.593429 | E7: =VIOLA__IOWA_mf!H7 -> 16.561548 | F7: =VIOLA__ORCH_mf!F7 -> 13.464082 | G7: =AVERAGE(E7:F7) -> 15.012815 | H7: =VIOLA_IOWA_ff!H7 -> 16.776641 | I7: =VIOLA__ORCH_ff!F7 -> 14.249828 | J7: =AVERAGE(H7:I7) -> 15.513235 | L7: =A7 -> F5 | M7: =D7 -> 15.593429 | N7: =G7 -> 15.012815 | O7: =J7 -> 15.513235 | P7: =E7-B7 -> 0.40902646 | Q7: =H7-E7 -> 0.2150929 | R7: =H7-B7 -> 0.62411936 | S7: =F7-C7 -> -1.5702545 | T7: =I7-F7 -> 0.78574681 | U7: =I7-C7 -> -0.78450768 | V7: =N7-M7 -> -0.58061402 | W7: =O7-N7 -> 0.50041986 | X7: =O7-M7 -> -0.080194162 | Y7: =ABS(C7-B7)/2 -> 0.55909289 | Z7: =ABS(F7-E7)/2 -> 1.5487334 | AA7: =ABS(I7-H7)/2 -> 1.2634064
A8: Gb5 | B8: =VIOLA_IOWA_pp!H8 -> 12.647031 | C8: =VIOLA__ORCH_pp!F8 -> 11.051762 | D8: =AVERAGE(B8:C8) -> 11.849396 | E8: =VIOLA__IOWA_mf!H8 -> 14.620347 | F8: =VIOLA__ORCH_mf!F8 -> 13.978765 | G8: =AVERAGE(E8:F8) -> 14.299556 | H8: =VIOLA_IOWA_ff!H8 -> 15.4662 | I8: =VIOLA__ORCH_ff!F8 -> 11.249884 | J8: =AVERAGE(H8:I8) -> 13.358042 | L8: =A8 -> Gb5 | M8: =D8 -> 11.849396 | N8: =G8 -> 14.299556 | O8: =J8 -> 13.358042 | P8: =E8-B8 -> 1.9733164 | Q8: =H8-E8 -> 0.84585294 | R8: =H8-B8 -> 2.8191694 | S8: =F8-C8 -> 2.9270027 | T8: =I8-F8 -> -2.7288806 | U8: =I8-C8 -> 0.19812211 | V8: =N8-M8 -> 2.4501596 | W8: =O8-N8 -> -0.94151383 | X8: =O8-M8 -> 1.5086457 | Y8: =ABS(C8-B8)/2 -> 0.79763433 | Z8: =ABS(F8-E8)/2 -> 0.32079118 | AA8: =ABS(I8-H8)/2 -> 2.108158
A9: G5 | B9: =VIOLA_IOWA_pp!H9 -> 14.204242 | C9: =VIOLA__ORCH_pp!F9 -> 14.044605 | D9: =AVERAGE(B9:C9) -> 14.124423 | E9: =VIOLA__IOWA_mf!H9 -> 14.307194 | F9: =VIOLA__ORCH_mf!F9 -> 17.922921 | G9: =AVERAGE(E9:F9) -> 16.115058 | H9: =VIOLA_IOWA_ff!H9 -> 14.47736 | I9: =VIOLA__ORCH_ff!F9 -> 13.932831 | J9: =AVERAGE(H9:I9) -> 14.205096 | L9: =A9 -> G5 | M9: =D9 -> 14.124423 | N9: =G9 -> 16.115058 | O9: =J9 -> 14.205096 | P9: =E9-B9 -> 0.10295234 | Q9: =H9-E9 -> 0.1701656 | R9: =H9-B9 -> 0.27311794 | S9: =F9-C9 -> 3.8783169 | T9: =I9-F9 -> -3.9900902 | U9: =I9-C9 -> -0.11177329 | V9: =N9-M9 -> 1.9906346 | W9: =O9-N9 -> -1.9099623 | X9: =O9-M9 -> 0.080672325 | Y9: =ABS(C9-B9)/2 -> 0.079818759 | Z9: =ABS(F9-E9)/2 -> 1.8078635 | AA9: =ABS(I9-H9)/2 -> 0.27226437
A10: Ab5 | B10: =VIOLA_IOWA_pp!H10 -> 13.837042 | C10: =VIOLA__ORCH_pp!F10 -> 14.68698 | D10: =AVERAGE(B10:C10) -> 14.262011 | E10: =VIOLA__IOWA_mf!H10 -> 13.633224 | F10: =VIOLA__ORCH_mf!F10 -> 17.809235 | G10: =AVERAGE(E10:F10) -> 15.72123 | H10: =VIOLA_IOWA_ff!H10 -> 16.053308 | I10: =VIOLA__ORCH_ff!F10 -> 14.770432 | J10: =AVERAGE(H10:I10) -> 15.41187 | L10: =A10 -> Ab5 | M10: =D10 -> 14.262011 | N10: =G10 -> 15.72123 | O10: =J10 -> 15.41187 | P10: =E10-B10 -> -0.2038172 | Q10: =H10-E10 -> 2.420084 | R10: =H10-B10 -> 2.2162668 | S10: =F10-C10 -> 3.1222553 | T10: =I10-F10 -> -3.0388036 | U10: =I10-C10 -> 0.083451764 | V10: =N10-M10 -> 1.4592191 | W10: =O10-N10 -> -0.30935979 | X10: =O10-M10 -> 1.1498593 | Y10: =ABS(C10-B10)/2 -> 0.42496922 | Z10: =ABS(F10-E10)/2 -> 2.0880055 | AA10: =ABS(I10-H10)/2 -> 0.6414383
A11: A5 | B11: =VIOLA_IOWA_pp!H11 -> 14.221467 | C11: =VIOLA__ORCH_pp!F11 -> 13.120151 | D11: =AVERAGE(B11:C11) -> 13.670809 | E11: =VIOLA__IOWA_mf!H11 -> 13.324422 | F11: =VIOLA__ORCH_mf!F11 -> 16.581895 | G11: =AVERAGE(E11:F11) -> 14.953159 | H11: =VIOLA_IOWA_ff!H11 -> 13.949324 | I11: =VIOLA__ORCH_ff!F11 -> 12.924436 | J11: =AVERAGE(H11:I11) -> 13.43688 | L11: =A11 -> A5 | M11: =D11 -> 13.670809 | N11: =G11 -> 14.953159 | O11: =J11 -> 13.43688 | P11: =E11-B11 -> -0.89704492 | Q11: =H11-E11 -> 0.62490168 | R11: =H11-B11 -> -0.27214324 | S11: =F11-C11 -> 3.4617438 | T11: =I11-F11 -> -3.6574596 | U11: =I11-C11 -> -0.19571574 | V11: =N11-M11 -> 1.2823494 | W11: =O11-N11 -> -1.5162789 | X11: =O11-M11 -> -0.23392949 | Y11: =ABS(C11-B11)/2 -> 0.55065776 | Z11: =ABS(F11-E11)/2 -> 1.6287366 | AA11: =ABS(I11-H11)/2 -> 0.51244401
A12: Bb5 | B12: =VIOLA_IOWA_pp!H12 -> 14.485141 | C12: =VIOLA__ORCH_pp!F12 -> 16.741025 | D12: =AVERAGE(B12:C12) -> 15.613083 | E12: =VIOLA__IOWA_mf!H12 -> 14.065055 | F12: =VIOLA__ORCH_mf!F12 -> 16.75665 | G12: =AVERAGE(E12:F12) -> 15.410853 | H12: =VIOLA_IOWA_ff!H12 -> 15.178081 | I12: =VIOLA__ORCH_ff!F12 -> 15.506957 | J12: =AVERAGE(H12:I12) -> 15.342519 | L12: =A12 -> Bb5 | M12: =D12 -> 15.613083 | N12: =G12 -> 15.410853 | O12: =J12 -> 15.342519 | P12: =E12-B12 -> -0.42008575 | Q12: =H12-E12 -> 1.1130261 | R12: =H12-B12 -> 0.69294038 | S12: =F12-C12 -> 0.015625343 | T12: =I12-F12 -> -1.2496937 | U12: =I12-C12 -> -1.2340684 | V12: =N12-M12 -> -0.2022302 | W12: =O12-N12 -> -0.068333807 | X12: =O12-M12 -> -0.27056401 | Y12: =ABS(C12-B12)/2 -> 1.1279421 | Z12: =ABS(F12-E12)/2 -> 1.3457977 | AA12: =ABS(I12-H12)/2 -> 0.16443774
A13: B5 | B13: =VIOLA_IOWA_pp!H13 -> 15.465518 | C13: =VIOLA__ORCH_pp!F13 -> 16.043354 | D13: =AVERAGE(B13:C13) -> 15.754436 | E13: =VIOLA__IOWA_mf!H13 -> 14.252669 | F13: =VIOLA__ORCH_mf!F13 -> 14.615133 | G13: =AVERAGE(E13:F13) -> 14.433901 | H13: =VIOLA_IOWA_ff!H13 -> 14.130976 | I13: =VIOLA__ORCH_ff!F13 -> 15.638458 | J13: =AVERAGE(H13:I13) -> 14.884717 | L13: =A13 -> B5 | M13: =D13 -> 15.754436 | N13: =G13 -> 14.433901 | O13: =J13 -> 14.884717 | P13: =E13-B13 -> -1.2128491 | Q13: =H13-E13 -> -0.12169362 | R13: =H13-B13 -> -1.3345427 | S13: =F13-C13 -> -1.4282208 | T13: =I13-F13 -> 1.0233243 | U13: =I13-C13 -> -0.40489651 | V13: =N13-M13 -> -1.320535 | W13: =O13-N13 -> 0.45081536 | X13: =O13-M13 -> -0.86971962 | Y13: =ABS(C13-B13)/2 -> 0.28891796 | Z13: =ABS(F13-E13)/2 -> 0.18123209 | AA13: =ABS(I13-H13)/2 -> 0.75374106
... A37: B7 | B37: =VIOLA_IOWA_pp!H37 -> 2.04286 | C37: =VIOLA__ORCH_pp!F37 -> 2.261709 | D37: =AVERAGE(B37:C37) -> 2.1522845 | E37: =VIOLA__IOWA_mf!H37 -> 3.035926 | F37: =VIOLA__ORCH_mf!F37 -> 4.2494944 | G37: =AVERAGE(E37:F37) -> 3.6427102 | H37: =VIOLA_IOWA_ff!H37 -> 3.720616 | I37: =VIOLA__ORCH_ff!F37 -> 3.949985 | J37: =AVERAGE(H37:I37) -> 3.8353005 | L37: =A37 -> B7 | M37: =D37 -> 2.1522845 | N37: =G37 -> 3.6427102 | O37: =J37 -> 3.8353005 | P37: =E37-B37 -> 0.993066 | Q37: =H37-E37 -> 0.68469 | R37: =H37-B37 -> 1.677756 | S37: =F37-C37 -> 1.9877854 | T37: =I37-F37 -> -0.29950939 | U37: =I37-C37 -> 1.688276 | V37: =N37-M37 -> 1.4904257 | W37: =O37-N37 -> 0.1925903 | X37: =O37-M37 -> 1.683016 | Y37: =ABS(C37-B37)/2 -> 0.1094245 | Z37: =ABS(F37-E37)/2 -> 0.6067842 | AA37: =ABS(I37-H37)/2 -> 0.1146845
D45: 18.948741 | E45: 18.07505
D46: 17.368004 | E46: 18.648788
D47: 19.741394 | E47: 19.831886
D48: 18.997536 | E48: 17.457204
D49: 17.146357 | E49: 14.977646
D50: 14.249828 | E50: 16.776641
D51: 11.249884 | E51: 15.4662
D52: 13.932831 | E52: 14.47736
D53: 14.770432 | E53: 16.053308
D54: 12.924436 | E54: 13.949324
D55: 15.506957 | E55: 15.178081
D56: 15.638458 | E56: 14.130976
... D67: 8.6345738 | E67: 8.3777707
D68: 8.5773432
D69: 7.6946931
D70: 8.129424
D71: 7.675039
D72: 7.221954
D73: 6.771972
D74: 6.326959
D75: 5.888805
D76: 5.459398
D77: 5.040583
D78: 4.634129 | E78: 5
D79: 4.241699
D80: 3.949985

Sheet README
A1: Viola harmonics (IOWA modelled + ORCH measured/modelled)
A2: Generated | B2: 2026-06-18 13:39:22
A3: Source workbooks | B3: Viola.xlsx (colocar todos)
A4: Purpose | B4: Viola harmonics: IOWA column W = FINAL_PREFERRED_IOWA (IOWA_ordinario × exp(L)); per-string ordinario CDMs cleared. ORCH column F = FINAL_PREFERRED_ORCHIDEA (measured if present, else modelled). Media = unique metric per dynamic = AVERAGE of the collections that have a value. Counts IOWA {'pp': 45, 'mf': 45, 'ff': 47}; ORCH {'pp': 49, 'mf': 49, 'ff': 49}. Built 2026-08-26T15:16:36.530157+00:00
A5: Statistical rule | B5: With two source collections, the median is equal to the arithmetic midpoint of the two values. The workbook nevertheless uses the Excel MEDIAN() function so that the logic remains explicit and extensible.
A6: Recommended Zenodo role | B6: Deposit this file as internal dataset metadata / summary statistics, alongside the ZIP packages for the note-level outputs.
A7: Do not use as | B7: Do not treat this file as a replacement for the raw note-level outputs, logs, segmentation metadata, or compiled metrics. It is a derived summary layer.
A8: Quality warning | B8: The uploaded workbook contains enharmonic source-label differences, two missing-octave labels for Gb, and one likely pitch/octave mismatch in ff: IOWA B5 paired with ORCH B4. These are preserved and flagged in the workbook.
A9: Sheets | B9: Median_Long; Median_Matrix; Summary_By_Dynamic; Quality_Checks; Zenodo_File_Metadata; plus cleaned dynamic sheets pp/mf/ff.
A10: Measured-priority note | B10: ORCH values present in E:\ORCHIDEA_Effects research spectral_mass were forced to measured (2026-08-26T15:17:07.841603+00:00). Modelled FINAL kept only where no live measurement exists.

Sheet Zenodo_File_metadata
A1: field | B1: value
A2: recommended_filename | B2: Viola_Zenodo_collections_harmonics.xlsx
A3: title | B3: Viola harmonics Combined Density Metric (IOWA modelled + ORCH)
A4: resource_role | B4: internal dataset metadata / summary statistics
A5: instrument | B5: Viola
A6: technique | B6: harmonics
A7: sample_type | B7: sustains
A8: dynamics | B8: pp; mf; ff
A9: source_collections | B9: IOWA+ORCH
A10: metric | B10: Combined Density Metric
A11: statistic | B11: Unique Media metric per dynamic = average of available IOWA FINAL and ORCH (measured or modelled). Notes without either collection stay blank.
A12: source_workbook | B12: Viola.xlsx
... A15: recommended_zenodo_description | B15: This workbook provides note-level and dynamic-level median summaries for viola arco sustained-note combined-density metrics derived from two sound collections (IOWA and ORCH), at pp, mf and ff dynamic levels. It is intended as a compact summary-statistics layer accompanying the full analysis outputs, logs, segmentation metadata and compiled metric files.
A16: rows_accepted | B16: 147
A17: textural_density_importer | B17: WorkbookMeta/Registry/AcousticTable/Provenance/Aliases sheets added for tools/import_instrument_profiles_from_excel.py (Phase 1a).

Sheet Controlled Vocabulary
A1: Category | B1: Value | C1: Meaning / use | D1: Recommended in this file?
A2: Sheet type | B2: source collection sheet | C2: One sheet for one sound collection and one dynamic level. | D2: Yes
A3: Sheet type | B3: derived mean sheet | C3: Sheet where ORCH and IOWA values are averaged by formula. | D3: Yes
A4: Sheet type | B4: identification sheet | C4: README or Zenodo metadata sheet documenting the file. | D4: Yes
A5: Aggregation | B5: arithmetic mean | C5: (ORCH + IOWA) / 2 for each note and dynamic level. | D5: Yes
A6: Aggregation | B6: median | C6: Middle value in an ordered set; with two collections it equals the midpoint but is not the stated aim here. | D6: No, unless deliberately chosen
A7: Dynamic | B7: pp | C7: Pianissimo dynamic level. | D7: Yes
A8: Dynamic | B8: mf | C8: Mezzo-forte dynamic level. | D8: Yes
A9: Dynamic | B9: ff | C9: Fortissimo dynamic level. | D9: Yes
A10: Collection | B10: ORCH | C10: Orchestral/sound-collection source label preserved from the workbook. | D10: Yes
A11: Collection | B11: IOWA | C11: Iowa sound-collection source label preserved from the workbook. | D11: Yes
A12: Technique/state | B12: arco / ordinario | C12: Bowed ordinary violin state; adjust if source naming is more specific. | D12: Yes
... A16: Rights | B16: source audio | C16: Original sound files; redistribute only if licence permits. | D16: Conditional

Sheet WorkbookMeta
A1: key | B1: value
A2: acoustic_pitch_basis | B2: sounding_concert
A3: schema_version | B3: 1.0.0
A4: template | B4: instrument_profiles_template.xlsx
A5: source_media_sheet | B5: VIOLA_Media
A6: curated_for | B6: Textural Density Phase 1a importer
A7: generated_at | B7: 2026-08-26T15:16:36.530157+00:00
A8: technique | B8: harmonics
A9: iowa_source | B9: D:\CORDAS_2\FINAL ANALYSIS\FINAL_PREFERRED_IOWA_MATRIX.csv
A10: orch_source | B10: final
A11: ordinario_template_untouched | B11: yes

Sheet Registry
A1: instrument_id | B1: display_name | C1: family | D1: subfamily | E1: transposition | F1: sounding_range_low_midi | G1: sounding_range_high_midi | H1: comfortable_range_low_midi | I1: comfortable_range_high_midi | J1: profile_status | K1: source_type | L1: uncertainty | M1: source_notes | N1: supported_techniques | O1: aliases
A2: viola | B2: Viola | C2: strings | D2: bowed_strings | E2: 0 | F2: 48 | G2: 76 | H2: 50 | I2: 69 | J2: empirical_profile | K2: external_acoustic_metadata | L2: medium | M2: Sparse arco/sustain Combined Density Metric (CDM) table for Viola at pp/mf/ff. Values are the arithmetic midpoint of IOWA and ORCH collection summaries on sheet 'VIOLA_Media' (sounding/concert pitch). External acoustic proxy metadata for Textural Density — not runtime audio analysis. | N2: arco|pizzicato|tremolo|harmonic|mute | O2: viola

Sheet AcousticTable
A1: instrument_id | B1: note_sounding | C1: midi_sounding | D1: dynamic | E1: value | F1: value_kind | G1: unit | H1: cell_status | I1: source_system | J1: source_file | K1: source_column | L1: source_hash | M1: transform_policy | N1: uncertainty | O1: validation_status | P1: notes | Q1: note_written_optional | R1: midi_written_optional | S1: transposition_semitones_optional
A2: viola | B2: C3 | C2: 48 | D2: pp | E2: 30.415039 | F2: combined_density_metric | G2: cdm_technique_sustain_v1 | H2: media_unique | I2: IOWA+ORCH technique | J2: Viola_Zenodo_collections_harmonics.xlsx | K2: Media = available(IOWA, ORCH) | M2: identity_v1 | N2: medium | O2: accepted | P2: IOWA modelled; ORCH ORCHIDEA_anchored; harmonics
A3: viola | B3: C#3 | C3: 49 | D3: pp | E3: 29.007073 | F3: combined_density_metric | G3: cdm_technique_sustain_v1 | H3: media_unique | I3: IOWA+ORCH technique | J3: Viola_Zenodo_collections_harmonics.xlsx | K3: Media = available(IOWA, ORCH) | M3: identity_v1 | N3: medium | O3: accepted | P3: IOWA modelled; ORCH ORCHIDEA_anchored; harmonics
A4: viola | B4: D3 | C4: 50 | D4: pp | E4: 30.101891 | F4: combined_density_metric | G4: cdm_technique_sustain_v1 | H4: media_unique | I4: IOWA+ORCH technique | J4: Viola_Zenodo_collections_harmonics.xlsx | K4: Media = available(IOWA, ORCH) | M4: identity_v1 | N4: medium | O4: accepted | P4: IOWA modelled; ORCH ORCHIDEA_anchored; harmonics
A5: viola | B5: D#3 | C5: 51 | D5: pp | E5: 28.210106 | F5: combined_density_metric | G5: cdm_technique_sustain_v1 | H5: media_unique | I5: IOWA+ORCH technique | J5: Viola_Zenodo_collections_harmonics.xlsx | K5: Media = available(IOWA, ORCH) | M5: identity_v1 | N5: medium | O5: accepted | P5: IOWA modelled; ORCH ORCHIDEA_anchored; harmonics
A6: viola | B6: E3 | C6: 52 | D6: pp | E6: 26.076672 | F6: combined_density_metric | G6: cdm_technique_sustain_v1 | H6: media_unique | I6: IOWA+ORCH technique | J6: Viola_Zenodo_collections_harmonics.xlsx | K6: Media = available(IOWA, ORCH) | M6: identity_v1 | N6: medium | O6: accepted | P6: IOWA modelled; ORCH ORCHIDEA_anchored; harmonics
A7: viola | B7: F3 | C7: 53 | D7: pp | E7: 19.914553 | F7: combined_density_metric | G7: cdm_technique_sustain_v1 | H7: media_unique | I7: IOWA+ORCH technique | J7: Viola_Zenodo_collections_harmonics.xlsx | K7: Media = available(IOWA, ORCH) | M7: identity_v1 | N7: medium | O7: accepted | P7: IOWA modelled; ORCH ORCHIDEA_anchored; harmonics
A8: viola | B8: F#3 | C8: 54 | D8: pp | E8: 24.350118 | F8: combined_density_metric | G8: cdm_technique_sustain_v1 | H8: media_unique | I8: IOWA+ORCH technique | J8: Viola_Zenodo_collections_harmonics.xlsx | K8: Media = available(IOWA, ORCH) | M8: identity_v1 | N8: medium | O8: accepted | P8: IOWA modelled; ORCH ORCHIDEA_anchored; harmonics
A9: viola | B9: G3 | C9: 55 | D9: pp | E9: 30.89755 | F9: combined_density_metric | G9: cdm_technique_sustain_v1 | H9: media_unique | I9: IOWA+ORCH technique | J9: Viola_Zenodo_collections_harmonics.xlsx | K9: Media = available(IOWA, ORCH) | M9: identity_v1 | N9: medium | O9: accepted | P9: IOWA modelled; ORCH ORCHIDEA_anchored; harmonics
A10: viola | B10: G#3 | C10: 56 | D10: pp | E10: 23.805918 | F10: combined_density_metric | G10: cdm_technique_sustain_v1 | H10: media_unique | I10: IOWA+ORCH technique | J10: Viola_Zenodo_collections_harmonics.xlsx | K10: Media = available(IOWA, ORCH) | M10: identity_v1 | N10: medium | O10: accepted | P10: IOWA modelled; ORCH ORCHIDEA_anchored; harmonics
A11: viola | B11: A3 | C11: 57 | D11: pp | E11: 19.759045 | F11: combined_density_metric | G11: cdm_technique_sustain_v1 | H11: media_unique | I11: IOWA+ORCH technique | J11: Viola_Zenodo_collections_harmonics.xlsx | K11: Media = available(IOWA, ORCH) | M11: identity_v1 | N11: medium | O11: accepted | P11: IOWA modelled; ORCH ORCHIDEA_anchored; harmonics
A12: viola | B12: A#3 | C12: 58 | D12: pp | E12: 22.348199 | F12: combined_density_metric | G12: cdm_technique_sustain_v1 | H12: media_unique | I12: IOWA+ORCH technique | J12: Viola_Zenodo_collections_harmonics.xlsx | K12: Media = available(IOWA, ORCH) | M12: identity_v1 | N12: medium | O12: accepted | P12: IOWA modelled; ORCH ORCHIDEA_anchored; harmonics
A13: viola | B13: B3 | C13: 59 | D13: pp | E13: 22.101797 | F13: combined_density_metric | G13: cdm_technique_sustain_v1 | H13: media_unique | I13: IOWA+ORCH technique | J13: Viola_Zenodo_collections_harmonics.xlsx | K13: Media = available(IOWA, ORCH) | M13: identity_v1 | N13: medium | O13: accepted | P13: IOWA modelled; ORCH ORCHIDEA_anchored; harmonics
... A148: viola | B148: C7 | C148: 96 | D148: ff | E148: 7.6946931 | F148: combined_density_metric | G148: cdm_technique_sustain_v1 | H148: media_unique | I148: IOWA+ORCH technique | J148: Viola_Zenodo_collections_harmonics.xlsx | K148: Media = available(IOWA, ORCH) | M148: identity_v1 | N148: medium | O148: accepted | P148: IOWA absent; ORCH ORCHIDEA_anchored; harmonics

Sheet Provenance
A1: instrument_id | B1: source_type | C1: citation | D1: source_url_or_identifier | E1: upstream_system | F1: upstream_version | G1: analysis_profile_hash | H1: import_run_id | I1: import_date | J1: operator | K1: transform_policy | L1: transform_parameters | M1: rows_accepted | N1: rows_rejected | O1: notes
A2: viola | B2: external_acoustic_metadata | C2: Viola harmonics: IOWA FINAL modelled; ORCH final; Media unique metric per dynamic. | D2: D:\CORDAS\ViOLA_Zenodo_collections_media.xlsx | E2: IOWA+ORCH string analysis corpus | F2: v1 | I2: 2026-06-19 | J2: populate_td_importer_sheets_from_zenodo_media.py | K2: identity_v1 | L2: CDM midpoint pass-through; no rescaling | M2: 147 | N2: 0 | O2: Derived from VIOLA_Media Media pp/mf/ff columns

Sheet Aliases
A1: instrument_id | B1: alias | C1: alias_kind
A2: viola | B2: viola | C2: registry
